Index,base_editor,PMID,single_effector,MAX,endonuclease,editing_class,PAM_requirement,ClinVar,Cas,PAM,PAMside,Spacer_Len,Edit_Window_Start,Edit_Window_End,Edit_From,Edit_To,PAMcount,ClinVar standard,ClinVar Broad,ClinVar Narrow,Window width,standard window,wide window,narrow window,In situ window ,Enhanced Activity (general),increased product purity,increased on-target,Reduced Off-target (general),Reduced DNA off-targets,Reduced RNA off-targets,-6,-5,-4,-3,-2,-1,1,2,3,4,5,6,7,8,9,10,11,12,13,14,15,16,17,18,19,20
152,A&C-BEmax,32483363,NO,20%,SpCas9,Dual deaminase,strict,1,A&C-BEmax_A,NGGN,3,20,4,8,A,G,16974,0,1,0,5,1,0,0,,NO,NO,NO,NO,NO,NO,0,0,0,0,0,1,1,1,1,2,3,3,3,2,1,0,0,0,0,0,0,0,0,0,0,0
154,SPACE,32483364,NO,45%,SpCas9,Dual deaminase,strict,1,SPACE,NGGN,3,20,4,7,A,G,15594,0,1,0,4,1,0,0,,NO,NO,NO,NO,NO,YES,0,0,0,0,0,0,0,0,1,2,3,2,2,1,1,0,0,0,0,0,0,0,0,0,0,0
156,SPACE-NG,32483364,NO,45%,SpCas9,Dual deaminase,relaxed ,1,SPACE-NG,NGN,3,20,4,7,A,G,51477,0,1,0,4,1,0,0,,NO,NO,NO,NO,NO,YES,0,0,0,0,0,0,0,0,1,2,3,2,2,1,1,0,0,0,0,0,0,0,0,0,0,0
158,SPACE-VRQR,32483364,NO,45%,SpCas9,Dual deaminase,strict,1,SPACE-VRQR,NGVG,3,20,4,7,A,G,9777,0,1,0,4,1,0,0,,NO,NO,NO,NO,NO,YES,0,0,0,0,0,0,0,0,1,2,3,2,2,1,1,0,0,0,0,0,0,0,0,0,0,0
160,Target-ACEmax,32483365,NO,20%,SpCas9,Dual deaminase,strict,1,Target-ACEmax,NGGN,3,20,3,6,A,G,15736,0,1,0,4,1,0,0,,NO,NO,NO,NO,NO,NO,0,0,0,0,0,0,0,1,2,3,3,2,1,1,0,0,0,0,0,0,0,0,0,0,0,0
164,G1333_DddAtox-C–SaKKH,32641830,NO,NA,SaCas9,CBE,strict,0,-,-,-,-,-,-,-,-,-,-,-,-,-,-,-,-,,NO,NO,NO,NO,NO,NO,0,0,0,0,0,0,0,0,0,0,0,0,0,0,0,0,1,2,2,3,0,0,0,0,0,0
165,G1333_DddAtox-N–dSpCas9,32641830,NO,NA,SpCas9,CBE,strict,0,-,-,-,-,-,-,-,-,-,-,-,-,-,-,-,-,,NO,NO,NO,NO,NO,NO,0,0,0,0,0,0,0,0,0,0,0,0,0,0,0,0,1,2,2,3,0,0,0,0,0,0
166,G1397_DddAtox-C–SaKKH,32641830,NO,NA,SaCas9,CBE,strict,0,-,-,-,-,-,-,-,-,-,-,-,-,-,-,-,-,,NO,NO,NO,NO,NO,NO,0,0,0,0,0,0,0,0,0,0,0,0,0,0,0,0,0,1,1,3,0,0,0,0,0,0
167,G1397_DddAtox-N–dSpCas9,32641830,NO,NA,SpCas9,CBE,strict,0,-,-,-,-,-,-,-,-,,-,-,-,-,-,-,-,,NO,NO,NO,NO,NO,NO,0,0,0,0,0,0,0,0,0,0,0,0,0,0,0,0,0,1,1,3,0,0,0,0,0,0
168,ND4_left_TALE–G1333_DddAtox_N,32641830,NO,NA,TALEN,CBE,NA,0,-,-,-,-,-,-,-,-,,-,-,-,-,-,-,-,,NO,NO,NO,NO,NO,NO,0,0,0,0,0,0,0,0,0,0,0,2,3,3,3,3,2,0,0,0,0,0,0,0,0,0
169,ND4_left_TALE–G1397_DddAtox_N,32641830,NO,NA,TALEN,CBE,NA,0,-,-,-,-,-,-,-,-,,-,-,-,-,-,-,-,,NO,NO,NO,NO,NO,NO,0,0,0,0,0,0,0,0,0,3,1,0,0,1,1,3,3,2,1,0,0,0,0,0,0,0
170,ND4_right_TALE–G1333_DddAtox_C,32641830,NO,NA,TALEN,CBE,NA,0,-,-,-,-,-,-,-,-,,-,-,-,-,-,-,-,,NO,NO,NO,NO,NO,NO,0,0,0,0,0,0,0,0,0,0,0,2,3,3,3,3,2,0,0,0,0,0,0,0,0,0
171,ND4_right_TALE–G1397_DddAtox_C,32641830,NO,NA,TALEN,CBE,NA,0,-,-,-,-,-,-,-,-,,-,-,-,-,-,-,-,,NO,NO,NO,NO,NO,NO,0,0,0,0,0,0,0,0,0,3,1,0,0,1,1,3,3,2,1,0,0,0,0,0,0,0
153,A&C-BEmax,32483363,NO,80%,SpCas9,Dual deaminase,strict,1,A&C-BEmax_C,NGGN,3,20,3,13,C,T,6915,0,1,0,10,0,1,0,,NO,NO,NO,NO,NO,NO,0,0,0,0,0,0,0,1,2,2,2,3,3,3,3,3,2,2,2,1,1,1,1,1,1,0
155,SPACE,32483364,NO,60%,SpCas9,Dual deaminase,strict,1,SPACE,NGGN,3,20,2,7,C,T,4895,0,1,0,5,1,0,0,,NO,NO,NO,NO,NO,YES,0,0,0,1,1,1,1,2,3,3,2,2,2,1,1,1,1,1,1,0,0,0,0,0,0,0
157,SPACE-NG,32483364,NO,60%,SpCas9,Dual deaminase,relaxed ,1,SPACE-NG,NGN,3,20,2,7,C,T,16519,0,1,0,5,1,0,0,,NO,NO,NO,NO,NO,YES,0,0,0,1,1,1,1,2,3,3,2,2,2,1,1,1,1,1,1,0,0,0,0,0,0,0
159,SPACE-VRQR,32483364,NO,60%,SpCas9,Dual deaminase,strict,1,SPACE-VRQR,NGVG,3,20,2,7,C,T,3319,0,1,0,5,1,0,0,,NO,NO,NO,NO,NO,YES,0,0,0,1,1,1,1,2,3,3,2,2,2,1,1,1,1,1,1,0,0,0,0,0,0,0
161,Target-ACEmax,32483365,NO,30%,SpCas9,Dual deaminase,strict,1,Target-ACEmax,NGGN,3,20,-1,5,C,T,5235,0,1,0,6,1,0,0,,NO,NO,NO,NO,NO,NO,0,0,0,0,0,2,2,2,3,2,2,1,1,1,1,1,0,0,0,0,0,0,0,0,0,0
23,ABE7.10,29160308;33876959,YES,62%,SpCas9,ABE,strict,1,ABE7.10,NGGN,3,20,4,8,A,G,16974,1,0,0,5,1,0,0,,NO,NO,NO,NO,NO,NO,0,0,0,0,0,0,0,0,1,2,3,3,3,2,1,1,0,0,0,0,0,0,0,0,0,0
62,ABE7.10-F148A,31181567,YES,75%,SpCas9,ABE,strict,1,ABE7.10-F148A,NGGN,3,20,4,6,A,G,14142,1,0,0,3,1,0,0,,NO,NO,NO,YES,NO,YES,0,0,0,0,0,0,0,0,1,2,3,2,1,1,0,0,0,0,0,0,0,0,0,0,0,0
24,ABE7.8,29160308,YES,63%,SpCas9,ABE,strict,1,ABE7.8,NGGN,3,20,4,9,A,G,18556,1,0,0,6,1,0,0,,NO,NO,NO,NO,NO,NO,0,0,0,0,0,0,1,1,1,2,3,2,2,2,2,1,1,0,0,0,0,0,0,0,0,0
25,ABE7.9,29160308,YES,69%,SpCas9,ABE,strict,1,ABE7.9,NGGN,3,20,4,9,A,G,18556,1,0,0,6,1,0,0,,NO,NO,NO,NO,NO,NO,0,0,0,0,0,0,1,1,1,2,3,3,2,2,2,1,1,0,0,0,0,0,0,0,0,0
110,ABE8.13-d,32284586,YES,82%,SpCas9,ABE,strict,1,ABE8.13-d,NGGN,3,20,4,8,A,G,16974,1,0,0,5,1,0,0,,YES,NO,YES,NO,NO,NO,0,0,0,0,0,0,0,0,1,2,3,3,3,3,1,1,0,0,0,0,0,0,0,0,0,0
111,ABE8.13-m,32284586,YES,82%,SpCas9,ABE,strict,1,ABE8.13-m,NGGN,3,20,4,8,A,G,16974,1,0,0,5,1,0,0,,YES,NO,YES,NO,NO,NO,0,0,0,0,0,0,0,0,1,3,3,3,3,3,1,1,0,0,0,0,0,0,0,0,0,0
112,ABE8.17-d,32284586,YES,80%,SpCas9,ABE,strict,1,ABE8.17-d,NGGN,3,20,4,10,A,G,20283,1,0,0,7,0,1,0,,YES,NO,YES,NO,NO,NO,0,0,0,0,0,0,0,0,1,3,3,3,3,3,2,2,1,1,0,0,0,0,0,0,0,0
113,ABE8.17-m,32284586;33863894,YES,60%,SpCas9,ABE,strict,1,ABE8.17-m,NGGN,3,20,4,8,A,G,16974,1,0,0,5,1,0,0,,YES,NO,YES,NO,NO,NO,0,0,0,0,0,0,0,0,1,3,3,3,3,3,1,1,1,1,0,0,0,0,0,0,0,0
114,ABE8.17-m_(V106W),32284586,YES,77%,SpCas9,ABE,strict,1,ABE8.17-m_(V106W),NGGN,3,20,4,8,A,G,16974,1,0,0,5,1,0,0,,YES,NO,YES,YES,NO,YES,0,0,0,0,0,0,0,0,1,2,3,3,2,2,1,1,1,1,0,0,0,0,0,0,0,0
115,ABE8.20-d,32284586,YES,78%,SpCas9,ABE,strict,1,ABE8.20-d,NGGN,3,20,4,10,A,G,20283,1,0,0,7,0,1,0,,YES,NO,YES,NO,NO,NO,0,0,0,0,0,0,0,0,1,3,3,3,3,3,2,2,1,1,0,0,0,0,0,0,0,0
116,ABE8.20-m,32284586,YES,78%,SpCas9,ABE,strict,1,ABE8.20-m,NGGN,3,20,3,8,A,G,18568,1,0,0,6,1,0,0,,YES,NO,YES,NO,NO,NO,0,0,0,0,0,0,0,0,2,3,3,3,3,3,1,1,1,1,0,0,0,0,0,0,0,0
117,ABE8.8-d,32284586,YES,82%,SpCas9,ABE,strict,1,ABE8.8-d,NGGN,3,20,4,8,A,G,16974,1,0,0,5,1,0,0,,YES,NO,YES,NO,NO,NO,0,0,0,0,0,0,0,0,1,2,3,3,2,2,1,1,1,1,0,0,0,0,0,0,0,0
118,ABE8.8-m,32284586,YES,82%,SpCas9,ABE,strict,1,ABE8.8-m,NGGN,3,20,4,8,A,G,16974,1,0,0,5,1,0,0,,YES,NO,YES,NO,NO,NO,0,0,0,0,0,0,0,0,1,2,3,3,2,2,1,1,1,1,0,0,0,0,0,0,0,0
132,ABE8e,32433547;33863894; 34211162,YES,62%,SpCas9,ABE,strict,1,ABE8e,NGGN,3,20,4,10,A,G,20283,1,0,0,7,0,1,0,,YES,NO,YES,NO,NO,NO,0,0,0,0,0,0,0,1,1,3,3,3,2,2,2,2,1,1,1,1,0,0,0,0,0,0
189,ABE8e del153,33863894,YES,60%,SpCas9,ABE,strict,1,ABE8e_del153,NGGN,3,20,4,10,A,G,20283,1,0,0,7,0,1,0,,NO,NO,NO,YES,NO,YES,0,0,0,0,0,0,0,1,1,2,2,3,2,2,2,2,1,1,1,1,0,0,0,0,0,0
136,ABE8e-dimer,32433547,YES,85%,SpCas9,ABE,strict,1,ABE8e-dimer,NGGN,3,20,3,10,A,G,21877,1,0,0,8,0,1,0,,YES,NO,YES,NO,NO,NO,0,0,0,0,0,0,0,1,2,3,3,3,2,2,2,2,1,1,1,1,0,0,0,0,0,0
133,ABE8e(TadA-8e_K20A_R21A),32433547,YES,75%,SpCas9,ABE,strict,1,ABE8e(TadA-8e_K20A_R21A),NGGN,3,20,4,6,A,G,14142,1,0,0,3,1,0,0,,NO,NO,NO,YES,YES,YES,0,0,0,0,0,0,0,1,1,2,3,3,1,1,1,1,1,1,1,1,0,0,0,0,0,0
134,ABE8e(TadA-8e_V106W),32433547,YES,80%,SpCas9,ABE,strict,1,ABE8e(TadA-8e_V106W),NGGN,3,20,4,10,A,G,20283,1,0,0,7,0,1,0,,NO,NO,NO,YES,YES,YES,0,0,0,0,0,0,0,1,1,2,3,3,2,2,2,2,1,1,1,1,0,0,0,0,0,0
135,ABE8e(TadA-8e_V82G),32433547,YES,80%,SpCas9,ABE,strict,1,ABE8e(TadA-8e_V82G),NGGN,3,20,4,6,A,G,14142,1,0,0,3,1,0,0,,NO,NO,NO,YES,NO,YES,0,0,0,0,0,0,0,1,1,3,3,3,1,1,1,1,1,1,1,1,0,0,0,0,0,0
222,ABE8eWA,34211162,YES,62%,SpCas9,ABE,strict,1,ABE8eWA,NGGN,3,20,4,7,A,G,15594,1,0,0,4,1,0,0,,YES,YES,NO,YES,NO,YES,0,0,0,0,0,0,0,1,1,2,2,3,2,1,1,1,1,0,0,0,0,0,0,0,0,0
223,ABE8eWQ,34211162,YES,60%,SpCas9,ABE,strict,1,ABE8eWQ,NGGN,3,20,5,7,A,G,14007,1,0,0,3,1,0,0,,YES,YES,NO,YES,NO,YES,0,0,0,0,0,0,0,0,1,1,2,3,2,1,0,0,0,0,0,0,0,0,0,0,0,0
190,ABE8s del153,33863894,YES,50%,SpCas9,ABE,strict,1,ABE8s_del153,NGGN,3,20,4,8,A,G,16974,1,0,0,5,1,0,0,,NO,NO,NO,YES,NO,YES,0,0,0,0,0,0,0,0,1,2,2,2,2,3,1,1,1,1,0,0,0,0,0,0,0,0
36,ABEmax,29813047;32483365; 34211162,YES,60%,SpCas9,ABE,strict,1,ABEmax,NGGN,3,20,4,8,A,G,16974,1,0,0,5,1,0,0,,YES,NO,YES,NO,NO,NO,0,0,0,0,0,0,0,1,1,2,3,3,3,2,1,1,0,0,0,0,0,0,0,0,0,0
101,ABEmax-NRCH,32042170,YES,45%,SpCas9,ABE,relaxed ,1,ABEmax-NRCH,NRSH,3,20,5,9,A,G,45031,0,1,0,5,1,0,0,,NO,NO,NO,NO,NO,NO,0,0,0,0,0,0,0,1,1,1,3,3,3,2,2,1,0,0,0,0,0,0,0,0,0,0
102,ABEmax-NRTH,32042170,YES,55%,SpCas9,ABE,relaxed ,1,ABEmax-NRTH,NRKN,3,20,4,9,A,G,60755,0,1,0,6,1,0,0,,NO,NO,NO,NO,NO,NO,0,0,0,0,0,0,0,1,1,2,3,3,3,2,2,1,0,0,0,0,0,0,0,0,0,0
106,ABEmax(7.10)-SpG,32217751,YES,59%,SpCas9,ABE,relaxed ,1,ABEmax(7.10)-SpG,NGN,3,20,5,7,A,G,46436,0,1,0,3,1,0,0,,YES,NO,YES,NO,NO,NO,0,0,0,0,0,0,0,0,1,1,3,3,2,1,1,1,1,0,0,0,0,0,0,0,0,0
107,ABEmax(7.10)-SpRY,32217751,YES,63%,SpCas9,ABE,relaxed ,1,ABEmax(7.10)-SpRY,NRN,3,20,5,7,A,G,88836,0,1,0,3,1,0,0,,YES,NO,YES,NO,NO,NO,0,0,0,0,0,0,0,0,1,1,3,2,2,1,1,1,0,0,0,0,0,0,0,0,0,0
45,ABEmaxAW,31086823,YES,40%,SpCas9,ABE,strict,1,ABEmaxAW,NGGN,3,20,5,7,A,G,14007,1,0,0,3,1,0,0,,NO,NO,NO,YES,NO,YES,0,0,0,0,0,0,0,0,1,1,2,2,2,1,1,1,0,0,0,0,0,0,0,0,0,0
46,ABEmaxEW,31086823,YES,78%,SpCas9,ABE,strict,1,ABEmaxEW,NGGN,3,20,5,7,A,G,14007,1,0,0,3,1,0,0,,NO,NO,NO,YES,NO,YES,0,0,0,0,0,0,0,0,1,1,2,2,2,1,1,1,0,0,0,0,0,0,0,0,0,0
47,ABEmaxQW,31086823,YES,68%,SpCas9,ABE,strict,1,ABEmaxQW,NGGN,3,20,5,7,A,G,14007,1,0,0,3,1,0,0,,NO,NO,NO,YES,NO,YES,0,0,0,0,0,0,0,0,1,1,2,2,2,1,1,1,0,0,0,0,0,0,0,0,0,0
48,CP1012-ABEmax,31110355,YES,70%,SpCas9,ABE,strict,1,CP1012-ABEmax,NGGN,3,20,6,6,A,G,11084,0,0,1,1,0,0,1,,NO,NO,NO,NO,NO,NO,0,0,0,0,0,0,0,0,0,1,1,3,1,1,1,1,1,1,0,0,0,0,0,0,0,0
137,CP1028-ABE8e,32433547,YES,80%,SpCas9,ABE,strict,1,CP1028-ABE8e,NGGN,3,20,3,13,A,G,26533,0,1,0,11,0,1,0,,NO,NO,NO,NO,NO,NO,0,0,0,0,0,0,0,1,2,3,3,3,3,3,3,3,2,2,2,1,1,1,0,0,0,0
138,CP1028-ABE8e-dimer,32433547,YES,80%,SpCas9,ABE,strict,1,CP1028-ABE8e-dimer,NGGN,3,20,3,14,A,G,27775,0,1,0,12,0,1,0,,NO,NO,NO,NO,NO,NO,0,0,0,0,0,0,0,1,2,3,3,3,3,3,3,3,3,2,2,2,1,1,0,0,0,0
50,CP1028-ABEmax,31110355,YES,82%,SpCas9,ABE,strict,1,CP1028-ABEmax,NGGN,3,20,4,6,A,G,14142,1,0,0,3,1,0,0,,NO,NO,NO,NO,NO,NO,0,0,0,0,0,0,0,0,0,2,3,3,1,1,1,1,1,1,0,0,0,0,0,0,0,0
139,CP1041-ABE8e,32433547,YES,70%,SpCas9,ABE,strict,1,CP1041-ABE8e,NGGN,3,20,3,14,A,G,27775,0,1,0,12,0,1,0,,NO,NO,NO,NO,NO,NO,0,0,0,0,0,0,0,1,2,3,3,3,3,3,3,3,3,3,3,3,1,1,0,0,0,0
52,CP1041-ABEmax,31110355;32533916,YES,40%,SpCas9,ABE,strict,1,CP1041-ABEmax,NGGN,3,20,3,15,A,G,29303,0,1,0,13,0,1,0,,NO,NO,NO,NO,NO,NO,0,0,0,0,0,0,1,1,2,2,3,3,3,3,3,3,3,2,2,2,2,1,0,0,0,0
54,CP1249-ABEmax,31110355,YES,90%,SpCas9,ABE,strict,1,CP1249-ABEmax,NGGN,3,20,5,9,A,G,16969,1,0,0,5,1,0,0,,NO,NO,NO,NO,NO,NO,0,0,0,0,0,0,0,0,0,1,3,3,2,2,2,1,1,0,0,0,0,0,0,0,0,0
191,Del153/del153* ABEmax,33863894,YES,40%,SpCas9,ABE,strict,1,Del153-del153_ABEmax,NGGN,3,20,5,8,A,G,15387,1,0,0,4,1,0,0,,NO,NO,NO,YES,NO,YES,0,0,0,0,0,0,0,1,1,1,2,3,2,2,1,1,0,0,0,0,0,0,0,0,0,0
187,Domain-inlaid-1058-ABEmax,32978399,YES,25%,SpCas9,ABE,strict,1,Domain-inlaid-1058-ABEmax,NGGN,3,20,4,8,A,G,6090,0,0,1,5,1,0,0,,NO,NO,NO,NO,NO,NO,0,0,0,0,0,0,0,1,1,2,2,2,3,3,1,1,0,0,0,0,0,0,0,0,0,0
140,enAsABE8e,32433547,YES,30%,Cas12a,ABE,strict,1,enAsABE8e,NTTV,5,25,7,17,A,G,16436,1,0,0,11,0,1,0,,YES,NO,YES,NO,NO,NO,0,0,0,0,0,0,0,0,0,0,0,1,2,3,3,3,3,3,2,2,2,2,2,1,1,1
141,enAsABE8e-dimer,32433547,YES,28%,Cas12a,ABE,strict,1,enAsABE8e-dimer,NTTV,5,25,7,17,A,G,16436,1,0,0,11,0,1,0,,YES,NO,YES,NO,NO,NO,0,0,0,0,0,0,0,0,0,0,0,1,2,2,2,3,3,2,2,2,2,2,2,1,1,1
197,IBE02,33876959,YES,20%,SpCas9,ABE,strict,1,IBE02,NGGN,3,20,6,16,A,G,26011,0,1,0,11,0,1,0,,NO,NO,NO,YES,YES,YES,0,0,0,0,0,0,0,0,1,1,1,2,2,3,3,3,3,3,3,2,2,2,1,1,0,0
198,IBE10,33876959,YES,50%,SpCas9,ABE,strict,1,IBE10,NGGN,3,20,3,12,A,G,25132,0,1,0,10,0,1,0,,NO,NO,NO,YES,NO,YES,0,0,0,0,0,0,0,1,3,3,3,2,2,2,2,2,2,2,1,1,0,0,0,0,0,0
199,IBE11,33876959,YES,70%,SpCas9,ABE,strict,1,IBE11,NGGN,3,20,6,12,A,G,20480,1,0,0,7,0,1,0,,NO,NO,NO,YES,YES,YES,0,0,0,0,0,0,0,0,0,0,1,2,3,3,3,3,2,2,1,1,1,1,0,0,0,0
200,IBE12,33876959,YES,70%,SpCas9,ABE,strict,1,IBE12,NGGN,3,20,2,13,A,G,27996,0,1,0,12,0,1,0,,NO,NO,NO,YES,YES,YES,0,0,0,0,0,0,0,2,2,2,3,3,3,3,3,3,2,2,2,1,1,1,0,0,0,0
201,IBE13,33876959,YES,65%,SpCas9,ABE,strict,1,IBE13,NGGN,3,20,2,13,A,G,27996,0,1,0,12,0,1,0,,NO,NO,NO,YES,YES,YES,0,0,0,0,0,0,0,2,2,2,2,2,3,3,3,2,2,2,2,1,0,1,0,0,0,0
202,IBE15,33876959,YES,65%,SpCas9,ABE,strict,1,IBE15,NGGN,3,20,3,11,A,G,23600,1,0,0,9,0,1,0,,NO,NO,NO,YES,YES,YES,0,0,0,0,0,0,0,1,2,2,3,3,3,3,3,3,2,1,1,0,0,0,0,0,0,0
203,IBE16,33876959,YES,70%,SpCas9,ABE,strict,1,IBE16,NGGN,3,20,5,13,A,G,23352,1,0,0,9,0,1,0,,NO,NO,NO,YES,YES,YES,0,0,0,0,0,0,0,1,1,1,2,2,3,3,3,3,2,2,2,1,1,1,1,0,0,0
204,IBE23,33876959,YES,40%,SpCas9,ABE,strict,1,IBE23,NGGN,3,20,8,18,A,G,25850,0,1,0,11,0,1,0,,NO,NO,NO,YES,YES,YES,0,0,0,0,0,0,0,0,1,1,1,1,1,2,2,2,2,2,2,2,3,3,2,2,1,1
142,LbABE8e,32433547,YES,45%,Cas12a,ABE,strict,1,LbABE8e,TTTV,5,23,6,17,A,G,5577,0,0,1,12,0,1,0,,YES,NO,YES,NO,NO,NO,0,0,0,0,0,0,0,0,0,1,1,2,2,2,2,3,3,3,2,2,2,2,2,1,1,1
144,LbABE8e-dimer,32433547,YES,50%,Cas12a,ABE,strict,1,LbABE8e-dimer,TTTV,5,23,6,17,A,G,5577,0,0,1,12,0,1,0,,YES,NO,YES,NO,NO,NO,0,0,0,0,0,0,0,0,0,1,1,2,2,2,2,3,3,2,2,2,2,2,2,1,1,1
143,LbABE8e(TadA-8e_V106W),32433547,YES,35%,Cas12a,ABE,strict,1,LbABE8e(TadA-8e_V106W),TTTV,5,23,6,16,A,G,5259,0,0,1,11,0,1,0,,NO,NO,NO,YES,YES,YES,0,0,0,0,0,0,0,0,0,1,1,2,3,3,3,3,2,2,2,2,2,2,1,1,1,1
192,mini del153,33863894,YES,45%,SpCas9,ABE,strict,1,mini_del153,NGGN,3,20,5,8,A,G,15387,1,0,0,4,1,0,0,,NO,NO,NO,YES,NO,YES,0,0,0,0,0,0,0,1,1,1,2,3,2,2,1,1,0,0,0,0,0,0,0,0,0,0
80,miniABEmax,31477922;33863894,YES,65%,SpCas9,ABE,strict,1,miniABEmax,NGGN,3,20,4,8,A,G,16974,1,0,0,5,1,0,0,,NO,NO,NO,YES,NO,YES,0,0,0,0,0,0,0,1,1,2,3,3,3,2,1,1,0,0,0,0,0,0,0,0,0,0
145,NG-ABE8e,32433547,YES,80%,SpCas9,ABE,strict,1,NG-ABE8e,NGN,3,20,3,13,A,G,87781,0,1,0,11,0,1,0,,NO,NO,NO,NO,NO,NO,0,0,0,0,0,0,0,1,2,3,3,3,3,3,3,3,3,2,2,1,0,0,0,0,0,0
146,NG-ABE8e-dimer,32433547,YES,75%,SpCas9,ABE,strict,1,NG-ABE8e-dimer,NGN,3,20,3,13,A,G,87781,0,1,0,11,0,1,0,,NO,NO,NO,NO,NO,NO,0,0,0,0,0,0,0,1,2,2,2,3,3,3,3,3,3,2,2,1,0,0,0,0,0,0
56,NG-ABEmax,31110355;32433547; 32042170; 32217751,YES,55%,SpCas9,ABE,relaxed ,1,NG-ABEmax,NGN,3,20,5,7,A,G,46436,0,1,0,3,1,0,0,,NO,NO,NO,NO,NO,NO,0,0,0,0,0,0,0,1,1,1,3,3,2,1,1,1,1,0,0,0,0,0,0,0,0,0
188,nSaCas9_I744_miniABEMax_V82G,32978399,YES,50%,SaCas9,ABE,strict,1,nSaCas9_I744_miniABEMax_V82G,NNGRRT,3,21,5,15,A,G,4901,0,0,1,11,0,1,0,,YES,NO,YES,YES,NO,YES,0,0,0,0,0,0,1,1,1,1,2,2,3,3,3,3,3,2,2,2,2,1,1,0,0,0
147,SaABE8e,32433547,YES,65%,SaCas9,ABE,strict,1,SaABE8e,NNGRRT,3,21,5,15,A,G,4901,0,0,1,11,0,1,0,,YES,NO,YES,NO,NO,NO,0,0,0,0,0,0,1,1,1,1,2,2,2,2,3,3,3,3,3,3,2,1,1,1,0,0
149,SaABE8e-dimer,32433547,YES,67%,SaCas9,ABE,strict,1,SaABE8e-dimer,NNGRRT,3,21,6,15,A,G,4643,0,0,1,10,0,1,0,,YES,NO,YES,NO,NO,NO,0,0,0,0,0,0,1,1,1,1,1,2,2,2,2,3,3,3,3,3,2,1,1,1,0,0
148,SaABE8e(TadA-8e_V106W),32433547,YES,45%,SaCas9,ABE,strict,1,SaABE8e(TadA-8e_V106W),NNNGRRT,3,21,5,15,A,G,4889,0,0,1,11,0,1,0,,NO,NO,NO,YES,YES,YES,0,0,0,0,0,0,1,1,1,1,2,2,2,2,3,3,3,3,3,3,2,1,1,1,0,0
57,SaABEmax,31110355,YES,37%,SaCas9,ABE,strict,1,SaABEmax,NNGRRT,3,21,6,13,A,G,4081,0,0,1,8,0,1,0,,YES,NO,YES,NO,NO,NO,0,0,0,0,0,0,0,1,1,1,1,2,3,3,3,3,2,2,2,1,0,0,0,0,0,0
150,SaKKH-ABE8e,32433547,YES,75%,SaCas9,ABE,strict,1,SaKKH-ABE8e,NNNRRT,3,21,2,17,A,G,24588,0,1,0,16,0,1,0,,NO,NO,NO,NO,NO,NO,0,0,0,0,0,0,1,2,2,2,2,2,2,3,3,3,3,3,3,3,2,2,2,1,0,0
151,SaKKH-ABE8e-dimer,32433547,YES,65%,SaCas9,ABE,strict,1,SaKKH-ABE8e-dimer,NNNRRT,3,21,2,17,A,G,24588,0,1,0,16,0,1,0,,NO,NO,NO,NO,NO,NO,0,0,0,0,0,0,1,3,3,3,2,2,2,3,3,3,3,3,3,3,2,2,2,1,0,0
58,SaKKH-ABEmax,31110355,YES,36%,SaCas9,ABE,strict,1,SaKKH-ABEmax,NNNRRT,3,21,6,13,A,G,15731,1,0,0,8,0,1,0,,YES,NO,YES,NO,NO,NO,0,0,0,0,0,0,0,1,1,1,1,2,2,3,2,2,2,2,2,1,1,0,0,0,0,0
81,SECURE_miniABEmax-K20A/R21A,31477922;34211162,YES,60%,SpCas9,ABE,strict,1,SECURE_miniABEmax-K20A-R21A,NGGN,3,20,4,8,A,G,16974,1,0,0,5,1,0,0,,NO,NO,NO,YES,NO,YES,0,0,0,0,0,0,0,0,0,2,2,2,2,2,1,1,0,0,0,0,0,0,0,0,0,0
82,SECURE_miniABEmax-V82G,31477922;32978399,YES,60%,SpCas9,ABE,strict,1,SECURE_miniABEmax-V82G,NGGN,3,20,4,9,A,G,18556,1,0,0,6,1,0,0,,NO,NO,NO,YES,NO,YES,0,0,0,0,0,0,0,1,1,2,2,2,3,2,2,1,0,0,0,0,0,0,0,0,0,0
59,VRER-ABEmax,31110355,YES,66%,SpCas9,ABE,strict,1,VRER-ABEmax,NGSG,3,20,5,6,A,G,4744,0,0,1,2,0,0,1,,NO,NO,NO,NO,NO,NO,0,0,0,0,0,0,0,0,0,1,3,2,1,1,0,0,0,0,0,0,0,0,0,0,0,0
60,VRQR-ABEmax,31110355,YES,73%,SpCas9,ABE,strict,1,VRQR-ABEmax,NGVG,3,20,4,6,A,G,8878,0,0,1,3,1,0,0,,NO,NO,NO,NO,NO,NO,0,0,0,0,0,0,0,0,0,2,3,2,1,1,0,0,0,0,0,0,0,0,0,0,0,0
61,xABEmax,31110355,YES,52%,SpCas9,ABE,relaxed ,1,xABEmax,NGDC,3,20,3,6,A,G,9114,0,0,1,4,1,0,0,,YES,NO,YES,NO,NO,NO,0,0,0,0,0,0,0,0,3,2,2,2,1,1,0,1,0,0,0,0,0,0,0,0,0,0
26,xCas9(3.6)-ABE(7.10),29512652;32217751,YES,31%,SpCas9,ABE,relaxed ,1,xCas9(3.6)-ABE(7.10),NGDC,3,20,4,8,A,G,9790,0,0,1,5,1,0,0,,NO,NO,NO,NO,NO,NO,0,0,0,0,0,0,0,0,1,2,3,3,2,1,1,1,1,0,0,0,0,0,0,0,0,0
28,xCas9(3.7)-ABE(7.10),29512652;32217751,YES,37%,SpCas9,ABE,relaxed ,1,xCas9(3.7)-ABE(7.10),NGDC,3,20,4,8,A,G,9790,0,0,1,5,1,0,0,,NO,NO,NO,NO,NO,NO,0,0,0,0,0,0,0,0,1,2,3,3,2,2,1,1,1,0,0,0,0,0,0,0,0,0
224,ABE-P48R,34211162,YES,15%,SpCas9,Dual deaminase,strict,0,ABE-P48R,NGGN,3,20,0,0,A,G,-,0,0,1,0,0,0,1,,NO,NO,NO,NO,NO,NO,0,0,0,0,0,0,0,0,0,0,0,0,0,1,1,0,0,0,0,0,0,0,0,0,0,0
65,A3A-BE4max,31332326;32393889,YES,77%,SpCas9,CBE,strict,1,A3A-BE4max,NGGN,3,20,3,15,C,T,7866,0,1,0,13,0,1,0,,YES,YES,NO,YES,YES,NO,0,0,0,0,0,1,1,1,2,2,2,3,3,3,3,3,3,2,2,2,2,1,1,0,0,0
83,A3A(Y130F)del186-BE3,32005820,YES,27%,SpCas9,CBE,strict,1,A3A(Y130F)_186-BE3,NGGN,3,20,4,6,C,T,3698,0,0,1,3,0,0,1,,NO,NO,NO,NO,NO,NO,0,0,0,0,0,0,0,1,1,2,3,3,1,0,0,0,0,0,0,0,0,0,0,0,0,0
40,A3B-BE4,32042165;30593278,YES,55%,SpCas9,CBE,strict,1,A3B-BE4,NGGN,3,20,5,9,C,T,4568,1,0,0,5,1,0,0,,NO,NO,NO,YES,YES,NO,0,0,0,0,0,0,0,0,0,1,2,3,3,2,2,1,0,0,0,0,0,0,0,0,0,0
180,A3Bctd-KK_(_R211K+R311K),32721385,YES,20%,SpCas9,CBE,strict,1,A3Bctd-KK_(_R211K+R311K),NGGN,3,20,2,10,C,T,6103,1,0,0,9,0,1,0,,NO,NO,NO,YES,YES,YES,0,0,0,0,0,0,0,2,3,3,3,3,3,2,2,2,0,0,0,0,0,0,0,0,0,0
181,A3Bctd-KKR_(R211K+R311K+D314R),32721385,YES,25%,SpCas9,CBE,strict,1,A3Bctd-KKR_(R211K+R311K+D314R),NGGN,3,20,5,7,C,T,3726,1,0,0,3,0,0,1,,NO,NO,NO,YES,YES,YES,0,0,0,0,0,0,0,1,1,1,2,2,2,1,1,1,0,0,0,0,0,0,0,0,0,0
182,A3Bctd-RM_(D314R+Y315M),32721385,YES,25%,SpCas9,CBE,strict,1,A3Bctd-RM_(D314R+Y315M),NGGN,3,20,6,7,C,T,3328,1,0,0,2,0,0,1,,NO,NO,NO,YES,YES,YES,0,0,0,0,0,0,0,1,1,1,1,2,2,1,1,1,0,0,0,0,0,0,0,0,0,0
183,A3Bctd-T214V,32721385,YES,29%,SpCas9,CBE,strict,1,A3Bctd-T214V,NGGN,3,20,2,10,C,T,6103,1,0,0,9,0,1,0,,NO,NO,NO,YES,YES,YES,0,0,0,0,0,0,0,2,2,2,2,3,3,2,2,2,1,1,1,0,0,0,0,0,0,0
184,A3Bctd-VHM_(T214V+D314H+Y315M),32721385,YES,40%,SpCas9,CBE,strict,1,A3Bctd-VHM_(T214V+D314H+Y315M),NGGN,3,20,5,8,C,T,4134,1,0,0,4,1,0,0,,NO,NO,NO,YES,YES,YES,0,0,0,0,0,0,0,1,1,1,2,3,3,2,1,1,1,1,1,0,0,0,0,0,0,0
22,A3G-BE4,32042165;28928403; 32832622,YES,20%,SpCas9,CBE,strict,1,A3G-BE4,NGGN,3,20,6,10,C,T,4536,1,0,0,5,1,0,0,,NO,NO,NO,YES,YES,NO,0,0,0,0,0,0,0,0,0,0,1,2,3,2,2,2,1,1,1,1,0,0,0,0,0,0
84,AALN-BE4,32042165,YES,42%,SpCas9,CBE,strict,1,AALN-BE4,NGGN,3,20,5,7,C,T,3726,1,0,0,3,0,0,1,,NO,NO,NO,YES,YES,NO,0,0,0,0,0,0,0,0,0,1,2,3,2,1,0,0,0,0,0,0,0,0,0,0,0,0
226,ABE-P48R-UGI,34211162,YES,30%,SpCas9,CBE,strict,1,ABE-P48R-UGI,NGGN,3,20,5,7,C,T,3726,1,0,0,3,0,0,1,,YES,YES,NO,YES,NO,YES,0,0,0,0,0,0,0,0,0,1,2,3,2,1,0,0,0,0,0,0,0,0,0,0,0,0
14,AID-BE3,28875174;32483365,YES,27%,SpCas9,CBE,strict,1,AID-BE3,NGGN,3,20,2,8,C,T,5303,1,0,0,7,1,0,0,,YES,YES,NO,NO,NO,NO,0,0,0,0,0,0,0,2,3,3,3,2,2,2,1,0,0,0,0,0,0,0,0,0,0,0
131,AID-BE4max,32483363;32533916;32393889,YES,68%,SpCas9,CBE,strict,1,AID-BE4max,NGGN,3,20,-1,12,C,T,8142,0,1,0,14,0,1,0,,NO,NO,NO,NO,NO,NO,1,1,1,1,1,2,3,3,3,3,3,3,3,3,3,3,2,2,1,1,1,1,1,1,1,0
37,AncBE4max,29813047;32674364,YES,45%,SpCas9,CBE,strict,1,AncBE4max,NGGN,3,20,3,10,C,T,5735,1,0,0,8,0,1,0,,YES,NO,YES,NO,NO,NO,0,0,0,0,0,0,0,0,2,2,3,3,2,2,2,2,1,1,0,0,0,0,0,0,0,0
1,BE3,27096365;28585549; 28875174; 30995674,YES,50%,SpCas9,CBE,strict,1,BE3,NGGN,3,20,5,9,C,T,4568,1,0,0,5,0,0,0,,NO,NO,NO,NO,NO,NO,0,0,0,0,0,0,0,0,1,1,2,3,3,2,2,1,1,1,1,0,0,0,0,0,0,0
15,BE3-GAM,28875174,YES,37%,SpCas9,CBE,strict,1,BE3-GAM,NGGN,3,20,5,9,C,T,4568,1,0,0,5,1,0,0,,YES,YES,NO,NO,NO,NO,0,0,0,0,0,0,0,0,1,1,2,3,3,2,2,1,1,1,1,0,0,0,0,0,0,0
63,BE3-hA3A-R128A,31181567,YES,85%,SpCas9,CBE,strict,1,BE3-hA3A-R128A,NGGN,3,20,3,9,C,T,5369,1,0,0,7,1,0,0,,NO,NO,NO,YES,NO,YES,0,0,0,0,0,0,0,0,2,3,2,2,2,2,2,1,1,1,1,0,0,0,0,0,0,0
64,BE3-hA3A-Y130F,31181567,YES,82%,SpCas9,CBE,strict,1,BE3-hA3A-Y130F,NGGN,3,20,3,6,C,T,4137,1,0,0,4,1,0,0,,NO,NO,NO,YES,NO,YES,0,0,0,0,0,0,0,0,2,3,3,2,1,1,1,0,1,1,1,0,0,0,0,0,0,0
16,BE4,28875174;33876959,YES,40%,SpCas9,CBE,strict,1,BE4,NGGN,3,20,3,10,C,T,5735,1,0,0,8,0,1,0,,YES,YES,YES,NO,NO,NO,0,0,0,0,0,0,0,0,2,2,3,3,2,2,2,2,1,1,0,0,0,0,0,0,0,0
119,BE4-AmAPOBEC1,32345976,YES,48%,SpCas9,CBE,strict,1,BE4-AmAPOBEC1,NGGN,3,20,3,8,C,T,4935,1,0,0,6,1,0,0,,YES,NO,YES,YES,YES,YES,0,0,0,0,0,1,1,1,2,2,2,2,2,2,1,1,1,1,1,1,1,0,0,0,0,0
17,BE4-GAM,28875174,YES,59%,SpCas9,CBE,strict,1,BE4-GAM,NGGN,3,20,3,10,C,T,5735,1,0,0,8,0,1,0,,YES,YES,YES,NO,NO,NO,0,0,0,0,0,0,0,0,2,2,3,3,3,3,2,2,1,1,0,0,0,0,0,0,0,0
120,BE4-PpAPOBEC1,32345976,YES,60%,SpCas9,CBE,strict,1,BE4-PpAPOBEC1,NGGN,3,20,3,8,C,T,4935,1,0,0,6,1,0,0,,YES,NO,YES,YES,NO,YES,0,0,0,0,0,1,1,1,2,3,3,3,2,2,1,1,1,1,1,1,1,0,0,0,0,0
121,BE4-PpAPOBEC1_H122A,32345976,YES,55%,SpCas9,CBE,strict,1,BE4-PpAPOBEC1_H122A,NGGN,3,20,3,8,C,T,4935,1,0,0,6,1,0,0,,YES,NO,YES,YES,YES,YES,0,0,0,0,0,1,1,1,2,3,3,3,3,3,1,1,1,1,1,1,1,0,0,0,0,0
122,BE4-PpAPOBEC1_R33A,32345976,YES,58%,SpCas9,CBE,strict,1,BE4-PpAPOBEC1_R33A,NGGN,3,20,3,8,C,T,4935,1,0,0,6,1,0,0,,YES,NO,YES,YES,YES,YES,0,0,0,0,0,1,1,1,2,3,3,3,3,3,1,1,1,1,1,1,1,0,0,0,0,0
123,BE4-RrA3F,32345976,YES,58%,SpCas9,CBE,strict,1,BE4-RrA3F,NGGN,3,20,3,8,C,T,4935,1,0,0,6,1,0,0,,YES,NO,YES,YES,YES,YES,0,0,0,0,0,1,1,1,2,3,3,3,3,3,1,1,1,1,1,1,1,1,0,0,0,0
124,BE4-RrA3F_F130L,32345976,YES,62%,SpCas9,CBE,strict,1,BE4-RrA3F_F130L,NGGN,3,20,3,8,C,T,4935,1,0,0,6,1,0,0,,YES,NO,YES,YES,YES,YES,0,0,0,0,0,1,1,1,2,3,3,3,3,3,1,1,1,1,1,1,1,1,0,0,0,0
125,BE4-SsAPOBEC3B,32345976,YES,62%,SpCas9,CBE,strict,1,BE4-SsAPOBEC3B,NGGN,3,20,3,8,C,T,4935,1,0,0,6,1,0,0,,YES,NO,YES,YES,YES,YES,0,0,0,0,0,1,1,1,2,2,3,3,3,3,1,1,1,1,1,1,1,0,0,0,0,0
126,BE4-SsAPOBEC3B_R54Q,32345976,YES,60%,SpCas9,CBE,strict,1,BE4-SsAPOBEC3B_R54Q,NGGN,3,20,3,8,C,T,4935,1,0,0,6,1,0,0,,YES,NO,YES,YES,YES,YES,0,0,0,0,0,1,1,1,2,2,3,3,3,3,1,1,1,1,1,1,1,1,0,0,0,0
38,BE4max,29813047;32483365,YES,61%,SpCas9,CBE,strict,1,BE4max,NGGN,3,20,2,8,C,T,5303,1,0,0,7,1,0,0,,YES,NO,YES,NO,NO,NO,0,0,0,0,0,1,1,2,2,3,3,3,2,2,1,1,1,1,1,1,1,0,0,0,0,0
66,BE4max-NG,31332326;32217751,YES,30%,SpCas9,CBE,relaxed ,1,BE4max-NG,NGN,3,20,4,9,C,T,16610,0,1,0,6,1,0,0,,NO,NO,NO,NO,NO,NO,0,0,0,0,0,0,0,1,1,3,3,3,3,2,2,1,1,0,0,0,0,0,0,0,0,0
103,BE4max-NRCH,32042170;33383203,YES,45%,SpCas9,CBE,relaxed ,1,BE4max-NRCH,NRSH,3,20,2,8,C,T,14292,0,1,0,7,1,0,0,,NO,NO,NO,NO,NO,NO,0,0,0,0,0,1,1,2,2,3,3,3,2,2,1,1,1,1,1,1,1,0,0,0,0,0
104,BE4max-NRRH,32042170;33383203,YES,48%,SpCas9,CBE,relaxed ,1,BE4max-NRRH,NRRH,3,20,3,8,C,T,14100,0,1,0,6,1,0,0,,NO,NO,NO,NO,NO,NO,0,0,0,0,0,1,1,1,2,3,3,3,2,2,1,1,1,1,1,1,1,0,0,0,0,0
105,BE4max-NRTH,32042170;33383203,YES,55%,SpCas9,CBE,relaxed ,1,BE4max-NRTH,NRKN,3,20,2,8,C,T,18166,0,1,0,7,1,0,0,,NO,NO,NO,NO,NO,NO,0,0,0,0,0,1,1,2,2,3,3,3,3,3,1,1,1,1,1,1,1,0,0,0,0,0
108,BE4max-SpG,32217751,YES,60%,SpCas9,CBE,relaxed ,1,BE4max-SpG,NGN,3,20,4,9,C,T,16610,0,1,0,6,1,0,0,,YES,NO,YES,NO,NO,NO,0,0,0,0,0,0,0,0,1,2,3,3,3,2,2,1,1,1,1,1,1,1,1,0,0,0
109,BE4max-SpRY,32217751,YES,58%,SpCas9,CBE,relaxed ,1,BE4max-SpRY,NRN,3,20,3,9,C,T,36621,0,1,0,7,1,0,0,,YES,NO,YES,NO,NO,NO,0,0,0,0,0,0,0,0,2,2,3,3,3,3,2,2,1,1,0,0,0,0,0,0,0,0
18,CDA1-BE3,28875174,YES,12%,SpCas9,CBE,strict,1,CDA1-BE3,NGGN,3,20,2,8,C,T,5303,1,0,0,7,1,0,0,,YES,YES,NO,NO,NO,NO,0,0,0,0,0,0,0,2,2,2,3,2,2,2,1,0,0,0,0,0,0,0,0,0,0,0
67,CDA1-BE4max,31332326;32533916;32393889,YES,44%,SpCas9,CBE,strict,1,CDA1-BE4max,NGGN,3,20,-1,12,C,T,8142,0,1,0,14,0,1,0,,YES,NO,YES,NO,NO,NO,1,1,1,1,1,2,3,3,3,3,3,3,3,3,3,2,2,2,1,1,1,1,1,1,0,0
68,CDA1-BE4max-NG,31332326;32217751,YES,63%,SpCas9,CBE,relaxed ,1,CDA1-BE4max-NG,NGN,3,20,2,11,C,T,22074,0,1,0,10,0,1,0,,YES,NO,YES,NO,NO,NO,0,0,0,0,0,1,1,2,3,3,3,3,3,3,3,2,2,1,1,1,1,1,0,0,0,0
185,CP-1029-AIDx,32978399,YES,18%,SpCas9,CBE,strict,1,CP-1029-AIDx,NGGN,3,20,1,14,C,T,8099,0,1,0,14,0,1,0,,YES,YES,NO,NO,NO,NO,0,0,0,0,1,1,3,3,3,3,3,3,3,3,3,2,2,2,2,2,1,0,0,0,0,0
49,CP1012-CBEmax,31110355,YES,60%,SpCas9,CBE,strict,1,CP1012-CBEmax,NGGN,3,20,3,8,C,T,4935,1,0,0,6,1,0,0,,YES,YES,NO,NO,NO,NO,0,0,0,0,0,0,0,0,2,2,3,2,2,2,1,1,0,0,0,0,0,0,0,0,0,0
51,CP1028-CBEmax,31110355;32978399; 32533916;32533916,YES,38%,SpCas9,CBE,strict,1,CP1028-CBEmax,NGGN,3,20,-5,11,C,T,9328,0,1,0,17,0,1,0,,YES,YES,NO,NO,NO,NO,1,2,2,2,2,2,2,2,2,2,3,2,2,2,2,2,2,1,0,0,0,0,0,0,0,0
53,CP1041-CBEmax,31110355,YES,20%,SpCas9,CBE,strict,1,CP1041-CBEmax,NGGN,3,20,3,10,C,T,5735,1,0,0,8,0,1,0,,YES,YES,NO,NO,NO,NO,0,0,0,0,0,0,0,0,2,3,3,3,3,3,3,2,0,0,0,0,0,0,0,0,0,0
55,CP1249-CBEmax,31110355,YES,62%,SpCas9,CBE,strict,1,CP1249-CBEmax,NGGN,3,20,4,9,C,T,4930,1,0,0,6,1,0,0,,YES,YES,NO,NO,NO,NO,0,0,0,0,0,0,0,0,0,2,3,3,3,3,2,1,1,1,0,0,0,0,0,0,0,0
3,dCas9-AID-P182X_(AIDx),27723754;32978399,YES,22%,SpCas9,CBE,strict,1,dCas9-AID-P182X_(AIDx),NGGN,3,20,1,9,C,T,6090,1,0,0,9,0,1,0,,NO,NO,NO,NO,NO,NO,0,0,0,0,1,1,2,3,3,3,3,3,2,2,2,1,1,0,0,0,0,0,0,0,0,0
31,dCpf1-BE,29553573,YES,40%,Cas12a,CBE,strict,1,dCpf1-BE,TTTV,5,23,7,14,C,T,974,0,0,1,8,0,1,0,,NO,NO,NO,NO,NO,NO,0,0,0,0,0,0,0,0,0,0,0,1,2,2,2,3,3,2,2,2,1,1,0,0,0,0
32,dCpf1-BE-YE,29553573,YES,30%,Cas12a,CBE,strict,1,dCpf1-BE-YE,TTTV,5,23,10,11,C,T,550,0,0,1,2,0,0,1,,NO,NO,NO,NO,NO,NO,0,0,0,0,0,0,0,0,0,0,0,0,0,0,1,2,2,1,0,0,0,0,0,0,0,0
33,dCpf1-BE-YEE,29553573,YES,5%,Cas12a,CBE,strict,1,dCpf1-BE-YEE,TTTV,5,23,10,10,C,T,483,0,0,1,1,0,0,1,,NO,NO,NO,NO,NO,NO,0,0,0,0,0,0,0,0,0,0,0,0,0,0,0,1,0,0,0,0,0,0,0,0,0,0
34,dCpf1-eBE,29553573,YES,30%,Cas12a,CBE,strict,1,dCpf1-eBE,TTTV,5,23,7,14,C,T,974,0,0,1,8,0,1,0,,NO,NO,NO,NO,NO,NO,0,0,0,0,0,0,0,0,0,0,0,1,2,2,2,3,3,2,2,2,1,1,0,0,0,0
35,dCpf1-eBE-YE,29553573,YES,28%,Cas12a,CBE,strict,1,dCpf1-eBE-YE,TTTV,5,23,10,11,C,T,550,0,0,1,2,0,0,1,,NO,NO,NO,NO,NO,NO,0,0,0,0,0,0,0,0,0,0,0,0,0,0,1,2,2,1,0,0,0,0,0,0,0,0
186,Domain-inlaid-1058_AIDx,32978399,YES,11%,SpCas9,CBE,strict,1,Domain-inlaid-1058_AIDx,NGGN,3,20,1,9,C,T,16974,0,1,0,9,0,1,0,,NO,NO,NO,NO,NO,NO,0,0,0,0,1,1,2,2,2,2,2,2,2,2,3,1,1,1,1,1,0,0,0,0,0,0
163,EA-BE4-NG,32533916,YES,16%,SpCas9,CBE,strict,1,EA-BE4-NG,NGN,3,20,3,10,C,T,19214,0,1,0,8,0,1,0,,YES,YES,NO,NO,NO,NO,1,1,1,1,1,1,1,1,2,3,3,3,3,3,2,2,1,1,1,1,1,1,1,1,0,0
39,eA3A-BE3,30059493;31181567,YES,56%,SpCas9,CBE,strict,1,eA3A-BE3,NGGN,3,20,3,9,C,T,5369,1,0,0,7,1,0,0,,YES,YES,NO,YES,YES,NO,0,0,0,0,0,0,0,0,2,2,2,3,2,2,2,1,1,1,1,0,0,0,0,0,0,0
127,eA3A-BE4max,32393889;32533916,YES,58%,SpCas9,CBE,strict,1,eA3A-BE4max,NGGN,3,20,2,9,C,T,5737,1,0,0,8,0,1,0,,YES,NO,YES,NO,NO,NO,0,0,0,0,1,1,1,2,2,2,3,3,3,3,2,1,1,1,1,1,1,1,0,0,0,0
162,eA3A-BE5-NG,32533916,YES,10%,SpCas9,CBE,strict,1,eA3A-BE5-NG,NGN,3,20,2,9,C,T,19350,0,1,0,8,0,1,0,,YES,YES,NO,NO,NO,NO,0,0,0,0,0,0,1,2,2,2,3,3,3,3,2,1,1,1,1,1,1,0,0,0,0,0
4,EE-BE3,28191901,YES,30%,SpCas9,CBE,strict,1,EE-BE3,NGGN,3,20,5,7,C,T,3726,1,0,0,3,0,0,1,,NO,NO,NO,NO,NO,NO,0,0,0,0,0,0,0,0,0,1,2,3,2,1,0,0,0,0,0,0,0,0,0,0,0,0
85,EE-BE4,32042165,YES,60%,SpCas9,CBE,strict,1,EE-BE4,NGGN,3,20,4,7,C,T,4088,1,0,0,4,1,0,0,,NO,NO,NO,YES,YES,NO,0,0,0,0,0,0,0,0,0,2,3,3,2,1,0,0,0,0,0,0,0,0,0,0,0,0
86,EE-BE4-CP1028,32042165,YES,25%,SpCas9,CBE,strict,1,EE-BE4-CP1028,NGGN,3,20,4,11,C,T,5700,1,0,0,8,0,1,0,,NO,NO,NO,YES,YES,NO,0,0,0,0,0,0,0,0,0,2,3,3,2,2,2,2,2,1,0,0,0,0,0,0,0,0
87,EE-BE4-NG,32042165;32217751,YES,28%,SpCas9,CBE,relaxed ,1,EE-BE4-NG,NGN,3,20,4,7,C,T,13779,0,1,0,4,1,0,0,,NO,NO,NO,YES,YES,NO,0,0,0,0,0,0,0,0,0,2,3,3,2,1,0,0,0,0,0,0,0,0,0,0,0,0
41,enAsBE1.4,30742127,YES,34%,Cas12a,CBE,strict,1,enAsBE1.4,NTTV,5,25,9,14,C,T,2834,0,0,1,6,1,0,0,,NO,NO,NO,NO,NO,NO,0,0,0,0,0,0,0,0,0,0,0,0,1,1,3,3,3,3,3,2,1,1,1,1,1,1
5,EQR-BE3,28191901;33815938,YES,20%,SpCas9,CBE,strict,1,EQR-BE3,NGAG,3,20,4,9,C,T,1384,0,0,1,6,1,0,0,,NO,NO,NO,NO,NO,NO,0,0,0,0,0,0,0,0,1,2,3,3,2,2,2,1,1,0,0,0,0,0,0,0,0,0
69,evoAPOBEC1-BE4max,31332326;32533916;32393889,YES,44%,SpCas9,CBE,strict,1,evoAPOBEC1-BE4max,NGGN,3,20,1,11,C,T,6860,1,0,0,11,0,1,0,,YES,NO,YES,NO,NO,NO,1,1,1,1,1,1,2,2,3,3,3,3,3,3,3,2,2,1,1,1,1,1,1,0,0,0
70,evoAPOBEC1-BE4max-NG,31332326;32217751,YES,50%,SpCas9,CBE,relaxed ,1,evoAPOBEC1-BE4max-NG,NGN,3,20,2,11,C,T,22074,0,1,0,10,0,1,0,,YES,NO,YES,NO,NO,NO,1,1,1,1,1,1,1,2,3,3,3,3,3,3,2,2,2,1,1,1,0,0,0,0,0,0
71,evoCDA1-BE4max,31332326,YES,62%,SpCas9,CBE,strict,1,evoCDA1-BE4max,NGGN,3,20,2,14,C,T,7746,1,0,0,13,0,1,0,,YES,NO,YES,NO,NO,NO,0,0,0,0,0,1,1,2,3,3,3,3,3,3,3,3,3,3,2,2,1,0,0,0,0,0
72,evoCDA1-BE4max-NG,31332326;32217751,YES,50%,SpCas9,CBE,relaxed ,1,evoCDA1-BE4max-NG,NGN,3,20,2,8,C,T,17960,0,1,0,7,1,0,0,,YES,NO,YES,NO,NO,NO,0,0,0,0,0,1,1,2,3,3,3,3,3,3,0,0,0,0,0,0,0,0,0,0,0,0
73,evoFERNY-BE4max,31332326,YES,75%,SpCas9,CBE,strict,1,evoFERNY-BE4max,NGGN,3,20,2,8,C,T,5303,1,0,0,7,1,0,0,,YES,NO,YES,NO,NO,NO,0,0,0,0,0,1,1,2,3,3,3,3,3,3,0,0,0,0,0,0,0,0,0,0,0,0
74,evoFERNY-BE4max-NG,31332326;32217751,YES,50%,SpCas9,CBE,relaxed ,1,evoFERNY-BE4max-NG,NGN,3,20,2,8,C,T,17960,0,1,0,7,1,0,0,,YES,NO,YES,NO,NO,NO,0,0,0,0,0,1,1,2,3,3,3,3,3,3,0,0,0,0,0,0,0,0,0,0,0,0
75,FERNY-BE4max,31332326,YES,75%,SpCas9,CBE,strict,1,FERNY-BE4max,NGGN,3,20,3,7,C,T,4527,1,0,0,5,1,0,0,,YES,NO,YES,NO,NO,NO,0,0,0,0,0,1,1,1,2,3,3,3,2,1,0,0,0,0,0,0,0,0,0,0,0,0
76,FERNY-BE4max-NG,31332326;32217751,YES,40%,SpCas9,CBE,relaxed ,1,FERNY-BE4max-NG,NGN,3,20,3,7,C,T,15130,0,1,0,5,1,0,0,,NO,NO,NO,NO,NO,NO,0,0,0,0,0,1,1,1,2,3,3,3,2,1,0,0,0,0,0,0,0,0,0,0,0,0
13,HF-BE3,28585549,YES,20%,SpCas9,CBE,strict,1,HF-BE3,NGGN,3,20,5,9,C,T,4568,1,0,0,5,1,0,0,,NO,NO,NO,YES,YES,NO,0,0,0,0,0,0,0,0,1,1,1,3,2,2,2,1,1,1,1,0,0,0,0,0,0,0
128,hyA3A-BE4max,32393889,YES,84%,SpCas9,CBE,strict,1,hyA3A-BE4max,NGGN,3,20,3,17,C,T,8766,0,1,0,15,0,1,0,,YES,NO,YES,NO,NO,NO,0,0,0,0,0,1,1,1,2,3,3,3,3,3,3,3,3,3,3,3,3,2,2,0,0,0
129,hyBE4max,32393889,YES,88%,SpCas9,CBE,strict,1,hyBE4max,NGGN,3,20,3,15,C,T,7866,0,1,0,13,0,1,0,,YES,NO,YES,NO,NO,NO,0,0,0,0,0,1,1,1,2,3,3,3,3,3,2,2,2,2,2,2,2,1,0,0,0,0
130,hyeA3A-BE4max,32393889,YES,83%,SpCas9,CBE,strict,1,hyeA3A-BE4max,NGGN,3,20,4,15,C,T,7427,1,0,0,12,0,1,0,,YES,YES,YES,NO,NO,NO,0,0,0,0,0,1,1,1,1,2,2,2,3,3,3,3,3,3,3,2,2,1,0,0,0,0
193,IBE_CBE_1016,33876959,YES,30%,SpCas9,CBE,strict,1,IBE_CBE_1016,NGGN,3,20,4,9,C,T,4930,1,0,0,6,1,0,0,,NO,NO,NO,YES,YES,YES,0,0,0,0,0,0,0,0,0,2,2,2,2,2,2,1,1,0,0,0,0,0,0,0,0,0
194,IBE_CBE_1023,33876959,YES,30%,SpCas9,CBE,strict,1,IBE_CBE_1023,NGGN,3,20,4,9,C,T,4930,1,0,0,6,1,0,0,,NO,NO,NO,YES,YES,YES,0,0,0,0,0,0,0,0,0,2,3,3,3,3,3,1,1,0,0,0,0,0,0,0,0,0
195,IBE_CBE_1029,33876959,YES,40%,SpCas9,CBE,strict,1,IBE_CBE_1029,NGGN,3,20,4,9,C,T,4930,1,0,0,6,1,0,0,,NO,NO,NO,YES,YES,YES,0,0,0,0,0,0,0,0,0,2,3,3,3,3,3,1,1,0,0,0,0,0,0,0,0,0
196,IBE_CBE_1040,33876959,YES,20%,SpCas9,CBE,strict,1,IBE_CBE_1040,NGGN,3,20,4,9,C,T,4930,1,0,0,6,1,0,0,,NO,NO,NO,YES,YES,YES,0,0,0,0,0,0,0,0,1,2,3,3,3,3,3,1,1,0,0,0,0,0,0,0,0,0
42,LbBE1.4,30742127,YES,19%,Cas12a,CBE,strict,1,LbBE1.4,TTTV,5,25,8,12,C,T,747,0,0,1,5,1,0,0,,NO,NO,NO,NO,NO,NO,0,0,0,0,0,0,0,0,0,0,0,1,1,2,3,3,2,2,1,1,1,1,1,1,1,1
77,LjCDA1L1_4,31399578,YES,40%,SpCas9,CBE,strict,1,LjCDA1L1_4,NGGN,3,20,-2,14,C,T,9356,0,1,0,17,0,1,0,,NO,NO,NO,NO,NO,NO,0,0,0,0,2,2,2,3,3,3,3,3,3,3,3,3,3,3,3,2,1,1,0,0,0,0
78,LpCDA1L1_1,31399578,YES,58%,SpCas9,CBE,strict,1,LpCDA1L1_1,NGGN,3,20,-1,14,C,T,8958,0,1,0,16,0,1,0,,NO,NO,NO,NO,NO,NO,0,0,0,0,1,2,3,3,3,3,3,3,3,3,3,3,3,3,3,2,1,1,0,0,0,0
79,PmCDA1L1_4,31399578,YES,97%,SpCas9,CBE,strict,1,PmCDA1L1_4,NGGN,3,20,3,13,C,T,6915,1,0,0,11,0,1,0,,NO,NO,NO,NO,NO,NO,0,0,0,0,0,0,1,1,2,2,2,2,2,2,2,2,2,3,2,1,1,1,0,0,0,0
91,R33A-BE4,32042165,YES,60%,SpCas9,CBE,strict,1,R33A-BE4,NGGN,3,20,4,8,C,T,4496,1,0,0,5,1,0,0,,NO,NO,NO,YES,YES,NO,0,0,0,0,0,0,0,0,0,2,3,3,2,2,1,1,1,0,0,0,0,0,0,0,0,0
88,R33A+K34A-BE4,32042165,YES,60%,SpCas9,CBE,strict,1,R33A+K34A-BE4,NGGN,3,20,5,8,C,T,4134,1,0,0,4,1,0,0,,NO,NO,NO,YES,YES,NO,0,0,0,0,0,0,0,0,0,1,2,2,2,2,1,0,0,0,0,0,0,0,0,0,0,0
89,R33A+K34A-BE4-CP1028,32042165,YES,25%,SpCas9,CBE,strict,1,R33A+K34A-BE4-CP1028,NGGN,3,20,11,11,C,T,2938,0,0,1,1,0,0,1,,NO,NO,NO,YES,YES,NO,0,0,0,0,0,0,0,0,0,0,0,1,1,1,1,1,3,1,0,0,0,0,0,0,0,0
90,R33A+K34A-BE4-NG,32042165;32217751,YES,30%,SpCas9,CBE,relaxed ,1,R33A+K34A-BE4-NG,NRNN,3,20,5,8,C,T,28532,0,1,0,4,1,0,0,,NO,NO,NO,YES,YES,NO,0,0,0,0,0,0,0,0,0,1,2,2,2,2,1,0,0,0,0,0,0,0,0,0,0,0
6,SaBE3,28191901;28875174,YES,57%,SaCas9,CBE,strict,1,SaBE3,NNGRRT,3,21,5,15,C,T,1276,0,0,1,11,0,1,0,,NO,NO,NO,NO,NO,NO,0,0,0,0,0,0,0,1,1,1,2,3,3,3,3,3,3,3,2,2,2,0,0,0,0,0
19,SaBE3-GAM,28875174,YES,NA,SaCas9,CBE,strict,1,SaBE3-GAM,NNGRRT,3,21,5,15,C,T,1276,0,0,1,11,0,1,0,,YES,YES,NO,NO,NO,NO,0,0,0,0,0,0,0,1,1,1,2,3,3,3,3,3,3,3,2,2,2,0,0,0,0,0
20,SaBE4,28875174,YES,60%,SaCas9,CBE,strict,1,SaBE4,NNGRRT,3,21,5,15,C,T,1276,0,0,1,11,0,1,0,,YES,NO,YES,NO,NO,NO,0,0,0,0,0,0,0,1,1,1,3,3,3,3,3,3,3,3,2,2,2,0,0,0,0,0
21,SaBE4-GAM,28875174,YES,70%,SaCas9,CBE,strict,1,SaBE4-GAM,NNGRRT,3,21,5,15,C,T,1276,0,0,1,11,0,1,0,,YES,NO,YES,NO,NO,NO,0,0,0,0,0,0,0,1,1,1,2,3,3,3,3,3,3,3,2,2,2,0,0,0,0,0
7,SaKKH-BE3,28191901;31837228;30107853,YES,41%,SaCas9,CBE,strict,1,SaKKH-BE3,NNNRRT,3,21,4,15,C,T,5549,1,0,0,12,0,1,0,,NO,NO,NO,NO,NO,NO,0,0,0,0,0,0,0,1,1,2,2,3,3,3,3,3,3,3,2,2,2,0,0,0,0,0
44,SECURE_BE3(R33A/K34A),30995674,YES,70%,SpCas9,CBE,strict,1,SECURE_BE3(R33A-K34A),NGGN,3,20,5,7,C,T,3726,1,0,0,3,0,0,1,,NO,NO,NO,YES,NO,YES,0,0,0,0,0,0,0,0,0,1,2,3,2,1,1,0,0,0,0,0,0,0,0,0,0,0
43,SECURE_BE3(R33A),30995674;32690971,YES,60%,SpCas9,CBE,strict,1,SECURE_BE3(R33A),NGGN,3,20,5,8,C,T,4134,1,0,0,4,1,0,0,,NO,NO,NO,YES,NO,YES,0,0,0,0,0,0,0,0,0,1,2,3,2,2,1,1,1,1,1,0,0,0,0,0,0,0
2,Target-AID,27492474;32978399; 32483365; 32533916,YES,39%,SpCas9,CBE,strict,1,Target-AID,NGGN,3,20,1,5,C,T,4376,1,0,0,5,1,0,0,,NO,NO,NO,NO,NO,NO,0,0,0,1,1,1,2,2,3,3,2,1,1,1,1,1,1,1,1,0,0,0,0,0,0,0
8,VQR-BE3,28191901;33815938; 30107853,YES,35%,SpCas9,CBE,strict,1,VQR-BE3,NGVG,3,20,4,9,C,T,3339,0,0,1,6,1,0,0,,NO,NO,NO,NO,NO,NO,0,0,0,0,0,0,0,0,1,2,3,3,2,2,2,1,1,1,0,0,0,0,0,0,0,0
9,VRER-BE3,28191901,YES,38%,SpCas9,CBE,strict,1,VRER-BE3,NGSG,3,20,4,9,C,T,1955,0,0,1,6,1,0,0,,NO,NO,NO,NO,NO,NO,0,0,0,0,0,0,0,0,1,2,3,3,2,2,2,1,1,1,1,0,0,0,0,0,0,0
27,xCas9(3.6)-BE3,29512652;32217751,YES,28%,SpCas9,CBE,relaxed ,1,xCas9(3.6)-BE3,NGDC,3,20,5,9,C,T,2583,0,0,1,5,1,0,0,,NO,NO,NO,NO,NO,NO,0,0,0,0,0,0,0,0,1,1,3,3,3,3,2,1,1,1,1,1,1,1,1,0,0,0
29,xCas9(3.7)-BE3,29512652;32217751,YES,29%,SpCas9,CBE,relaxed ,1,xCas9(3.7)-BE3,NGDC,3,20,5,9,C,T,2583,0,0,1,5,1,0,0,,NO,NO,NO,NO,NO,NO,0,0,0,0,0,0,0,0,1,1,3,3,3,3,2,1,1,1,1,1,1,1,1,0,0,0
30,xCas9(3.7)-BE4,29512652;32217751,YES,34%,SpCas9,CBE,relaxed ,1,xCas9(3.7)-BE4,NGDC,3,20,5,7,C,T,2122,0,0,1,3,0,0,1,,NO,NO,NO,NO,NO,NO,0,0,0,0,0,0,0,0,1,2,3,3,3,2,2,1,1,1,1,1,1,1,1,0,0,0
10,YE1-BE3,28191901;30166242,YES,48%,SpCas9,CBE,strict,1,YE1-BE3,NGGN,3,20,5,7,C,T,3726,1,0,0,3,0,0,1,,NO,NO,NO,NO,NO,NO,0,0,0,0,0,0,0,0,0,1,2,3,2,1,0,0,0,0,0,0,0,0,0,0,0,0
93,YE1-BE4-CP1028,32042165,YES,45%,SpCas9,CBE,strict,1,YE1-BE4-CP1028,NGGN,3,20,2,11,C,T,6507,1,0,0,10,1,0,0,,NO,NO,NO,YES,YES,NO,0,0,0,0,0,0,0,0,1,2,3,3,3,3,3,3,2,1,0,0,0,0,0,0,0,0
94,YE1-BE4-NG,32042165;32217751,YES,38%,SpCas9,CBE,relaxed ,1,YE1-BE4-NG,NGN,3,20,4,6,C,T,12483,0,1,0,3,0,0,1,,NO,NO,NO,YES,YES,NO,0,0,0,0,0,0,0,0,0,2,3,2,1,1,0,0,0,0,0,0,0,0,0,0,0,0
92,YE1-BE4,32042165,YES,48%,SpCas9,CBE,strict,1,YE1-BE4max,NGGN,3,20,4,6,C,T,3698,0,0,1,3,0,0,1,,NO,NO,NO,YES,YES,NO,0,0,0,0,0,0,0,0,0,2,3,2,1,1,0,0,0,0,0,0,0,0,0,0,0,0
11,YE2-BE3,28191901,YES,32%,SpCas9,CBE,strict,1,YE2-BE3,NGGN,3,20,5,7,C,T,3726,1,0,0,3,0,0,1,,NO,NO,NO,NO,NO,NO,0,0,0,0,0,0,0,0,0,1,2,3,2,1,0,0,0,0,0,0,0,0,0,0,0,0
95,YE2-BE4,32042165,YES,55%,SpCas9,CBE,strict,1,YE2-BE4,NGGN,3,20,5,7,C,T,3726,1,0,0,3,0,0,1,,NO,NO,NO,YES,YES,NO,0,0,0,0,0,0,0,0,0,1,2,3,2,1,0,0,0,0,0,0,0,0,0,0,0,0
96,YE2-BE4-CP1028,32042165,YES,30%,SpCas9,CBE,strict,1,YE2-BE4-CP1028,NGGN,3,20,5,11,C,T,5338,1,0,0,7,1,0,0,,NO,NO,NO,YES,YES,NO,0,0,0,0,0,0,0,0,0,1,2,3,2,2,2,2,2,1,0,0,0,0,0,0,0,0
97,YE2-BE4-NG,32042165;32217751,YES,30%,SpCas9,CBE,relaxed ,1,YE2-BE4-NG,NGN,3,20,5,7,C,T,12546,0,1,0,3,0,0,1,,NO,NO,NO,YES,YES,NO,0,0,0,0,0,0,0,0,0,1,2,3,2,1,0,0,0,0,0,0,0,0,0,0,0,0
12,YEE-BE3,28191901;30166242,YES,31%,SpCas9,CBE,strict,1,YEE-BE3,NGGN,3,20,5,7,C,T,3726,1,0,0,3,0,0,1,,NO,NO,NO,NO,NO,NO,0,0,0,0,0,0,0,0,0,0,1,3,1,0,0,0,0,0,0,0,0,0,0,0,0,0
98,YEE-BE4,32042165,YES,53%,SpCas9,CBE,strict,1,YEE-BE4,NGGN,3,20,5,7,C,T,3726,1,0,0,3,0,0,1,,NO,NO,NO,YES,YES,NO,0,0,0,0,0,0,0,0,0,1,2,3,2,0,0,0,0,0,0,0,0,0,0,0,0,0
99,YEE-BE4-CP1028,32042165,YES,20%,SpCas9,CBE,strict,1,YEE-BE4-CP1028,NGGN,3,20,5,11,C,T,5338,1,0,0,7,1,0,0,,NO,NO,NO,YES,YES,NO,0,0,0,0,0,0,0,0,0,1,2,3,2,2,2,2,2,1,0,0,0,0,0,0,0,0
100,YEE-BE4-NG,32042165;32217751,YES,25%,SpCas9,CBE,relaxed ,1,YEE-BE4-NG,NGN,3,20,5,7,C,T,12546,0,1,0,3,0,0,1,,NO,NO,NO,YES,YES,NO,0,0,0,0,0,0,0,0,0,1,2,3,2,0,0,0,0,0,0,0,0,0,0,0,0,0
225,ABE-P48R,34211162,YES,30%,SpCas9,Dual deaminase,strict,1,ABE-P48R,NGGN,3,20,6,6,C,T,2938,0,0,1,1,0,0,1,,NO,NO,NO,NO,NO,NO,0,0,0,0,0,0,0,0,0,0,1,2,1,0,0,0,0,0,0,0,0,0,0,0,0,0
220,UdgX-EE-UdgX-NG-nCas9,34183861,YES,21%,SpCas9,CGBE,strict,0,-,-,-,-,-,-,-,-,,-,-,-,-,-,-,-,,NO,NO,NO,NO,NO,NO,-,-,-,-,-,-,-,-,-,-,0,3,-,-,-,-,-,-,-,-,-,-,-,-,-,-
211,UdgX–Anc689–UdgX–nCas9–NG-RBMX,34183861,YES,21%,SpCas9,CGBE,strict,0,-,-,-,-,-,-,-,-,,-,-,-,-,-,-,-,,NO,NO,NO,NO,NO,NO,-,-,-,-,-,-,-,-,-,-,1,3,-,-,-,-,-,-,-,-,-,-,-,-,-,-
212,UdgX–Anc689–UdgX–nCas9–RBMX,34183861,YES,21%,SpCas9,CGBE,strict,0,-,-,-,-,-,-,-,-,,-,-,-,-,-,-,-,,NO,NO,NO,NO,NO,NO,-,-,-,-,-,-,-,-,-,-,1,3,-,-,-,-,-,-,-,-,-,-,-,-,-,-
218,UdgX–EE–UdgX–nCas9,34183861,YES,21%,SpCas9,CGBE,strict,0,-,-,-,-,-,-,-,-,,-,-,-,-,-,-,-,,NO,NO,NO,NO,NO,NO,-,-,-,-,-,-,-,-,-,-,0,3,-,-,-,-,-,-,-,-,-,-,-,-,-,-
206,POLD2-APOBEC1-UdgX-NG-nCas9-UdgX,34183861,YES,21%,SpCas9,CGBE,strict,0,-,-,-,-,-,-,-,-,-,-,-,-,-,-,-,-,,NO,NO,NO,NO,NO,NO,-,-,-,-,-,-,-,-,-,-,1,3,-,-,-,-,-,-,-,-,-,-,-,-,-,-
207,POLD2–AXC–UdgX,34183861,YES,21%,SpCas9,CGBE,strict,0,-,-,-,-,-,-,-,-,-,-,-,-,-,-,-,-,,NO,NO,NO,NO,NO,NO,-,-,-,-,-,-,-,-,-,-,1,3,-,-,-,-,-,-,-,-,-,-,-,-,-,-
176,miniCGBE1,32690971; 32042165,YES,19%,SpCas9,CGBE,strict,0,-,-,-,-,-,-,-,-,-,-,-,-,-,-,-,-,,NO,NO,NO,NO,NO,NO,-,-,-,-,-,-,-,-,-,-,1,3,-,-,-,-,-,-,-,-,-,-,-,-,-,-
177,miniCGBE1-NG,32690971; 32042165,YES,19%,SpCas9,CGBE,relaxed ,0,-,-,-,-,-,-,-,-,-,-,-,-,-,-,-,-,,NO,NO,NO,NO,NO,NO,0,0,0,0,0,0,0,0,0,1,1,3,1,1,1,1,2,1,1,1,0,0,0,0,0,0
178,miniCGBE1-SpRY,32690971; 32042165,YES,19%,SpCas9,CGBE,relaxed ,0,-,-,-,-,-,-,-,-,-,-,-,-,-,-,-,-,,NO,NO,NO,NO,NO,NO,0,0,0,0,0,0,0,0,0,1,1,3,1,1,1,1,2,1,1,1,0,0,0,0,0,0
179,miniCGBE1-VRQR,32690971; 32042165,YES,19%,SpCas9,CGBE,strict,0,-,-,-,-,-,-,-,-,-,-,-,-,-,-,-,-,,NO,NO,NO,NO,NO,NO,-,-,-,-,-,-,-,-,-,-,1,3,-,-,-,-,-,-,-,-,-,-,-,-,-,-
215,UdgX–AXC,34183861,YES,18%,SpCas9,CGBE,strict,0,-,-,-,-,-,-,-,-,,-,-,-,-,-,-,-,,NO,NO,NO,NO,NO,NO,-,-,-,-,-,-,-,-,-,-,1,3,-,-,-,-,-,-,-,-,-,-,-,-,-,-
216,UdgX–AXC-NG,34183861,YES,18%,SpCas9,CGBE,relaxed ,0,-,-,-,-,-,-,-,-,,-,-,-,-,-,-,-,,NO,NO,NO,NO,NO,NO,-,-,-,-,-,-,-,-,-,-,1,3,-,-,-,-,-,-,-,-,-,-,-,-,-,-
217,UdgX–AXC–RBMX,34183861,YES,18%,SpCas9,CGBE,strict,0,-,-,-,-,-,-,-,-,,-,-,-,-,-,-,-,,NO,NO,NO,NO,NO,NO,-,-,-,-,-,-,-,-,-,-,1,3,-,-,-,-,-,-,-,-,-,-,-,-,-,-
214,UdgX-APOBEC1-UdgX-HF-NG-nCas9,34183861,YES,16%,SpCas9,CGBE,relaxed ,0,-,-,-,-,-,-,-,-,,-,-,-,-,-,-,-,,NO,NO,NO,NO,NO,NO,-,-,-,-,-,-,-,-,-,-,1,3,-,-,-,-,-,-,-,-,-,-,-,-,-,-
213,UdgX–APOBEC1–UdgX–HF-nCas9,34183861,YES,16%,SpCas9,CGBE,strict,0,-,-,-,-,-,-,-,-,,-,-,-,-,-,-,-,,NO,NO,NO,NO,NO,NO,-,-,-,-,-,-,-,-,-,-,1,3,-,-,-,-,-,-,-,-,-,-,-,-,-,-
221,UdgX-EE-UdgX-NG-nCas9-UdgX,34183861,YES,14%,SpCas9,CGBE,strict,0,-,-,-,-,-,-,-,-,,-,-,-,-,-,-,-,,NO,NO,NO,NO,NO,NO,-,-,-,-,-,-,-,-,-,-,0,3,-,-,-,-,-,-,-,-,-,-,-,-,-,-
219,UdgX–EE–UdgX–nCas9–UdgX,34183861,YES,14%,SpCas9,CGBE,strict,0,-,-,-,-,-,-,-,-,,-,-,-,-,-,-,-,,NO,NO,NO,NO,NO,NO,-,-,-,-,-,-,-,-,-,-,0,3,-,-,-,-,-,-,-,-,-,-,-,-,-,-
205,AXC,34183861,YES,13%,SpCas9,CGBE,strict,0,-,-,-,-,-,-,-,-,-,-,-,-,-,-,-,-,,NO,NO,NO,NO,NO,NO,-,-,-,-,-,-,-,-,-,-,1,3,-,-,-,-,-,-,-,-,-,-,-,-,-,-
172,APOBEC-nCas9-UNG,32690970;32042165,YES,12%,SpCas9,CGBE,strict,0,-,-,-,-,-,-,-,-,-,-,-,-,-,-,-,-,,NO,NO,NO,NO,NO,NO,0,0,0,0,0,0,1,2,3,3,1,3,3,2,1,1,1,1,2,1,1,1,1,0,0,0
226,ABE-P48R,34211162,YES,9%,SpCas9,CGBE,strict,0,-,-,-,-,-,-,-,-,-,-,-,-,-,-,-,-,,NO,NO,NO,NO,NO,NO,0,0,0,0,0,0,0,0,0,0,0,3,0,0,0,0,0,0,0,0,0,0,0,0,0,0
210,RBMX-eA3A-UdgX-nCas9,34183861,YES,9%,SpCas9,CGBE,strict,0,-,-,-,-,-,-,-,-,,-,-,-,-,-,-,-,,NO,NO,NO,NO,NO,NO,-,-,-,-,-,-,-,-,-,-,0,3,-,-,-,-,-,-,-,-,-,-,-,-,-,-
208,RBMX-eA3A-UdgX-HF-nCas9,34183861,YES,1%,SpCas9,CGBE,strict,0,-,-,-,-,-,-,-,-,-,-,-,-,-,-,-,-,,NO,NO,NO,NO,NO,NO,-,-,-,-,-,-,-,-,-,-,0,3,-,-,-,-,-,-,-,-,-,-,-,-,-,-
209,RBMX-eA3A-UdgX-HF-NG-nCas9,34183861,YES,1%,SpCas9,CGBE,relaxed ,0,-,-,-,-,-,-,-,-,-,-,-,-,-,-,-,-,,NO,NO,NO,NO,NO,NO,-,-,-,-,-,-,-,-,-,-,0,3,-,-,-,-,-,-,-,-,-,-,-,-,-,-
173,CGBE1,32690971; 32042165,YES,25%,SpCas9,CGBE,strict,0,CGBE1,NGGN,3,20,5,8,C,G,-,-,-,-,-,-,-,-,,NO,NO,NO,NO,NO,NO,-,-,-,-,-,-,-,-,-,-,1,3,-,-,-,-,-,-,-,-,-,-,-,-,-,-
174,CGBE1-NG,32690971; 32042165,YES,25%,SpCas9,CGBE,relaxed ,0,CGBE1-NG,NGN,3,20,5,8,C,G,-,-,-,-,-,-,-,-,,NO,NO,NO,NO,NO,NO,-,-,-,-,-,-,-,-,-,1,1,3,2,2,1,1,2,1,1,1,-,-,-,-,-,-
175,CGBE1-VRQR,32690971; 32042165,YES,25%,SpCas9,CGBE,strict,0,CGBE1-VRQR,NGVG,3,20,5,8,C,G,-,-,-,-,-,-,-,-,,NO,NO,NO,NO,NO,NO,-,-,-,-,-,-,-,-,-,-,1,3,-,-,-,-,-,-,-,-,-,-,-,-,-,-